id;title;description;rating;url
1;Generic Steel Tuna;website calculating;57374;https://gianni.biz
2;Consultant virtual wireless;Handmade;89830;https://tianna.name
3;Sri Lanka Rupee;withdrawal Refined Metal Car Division;6255;http://amari.name
4;withdrawal navigating Metical;Incredible Infrastructure;46442;https://roxanne.net
5;New Zealand;Bedfordshire;4189;https://mayra.name
6;intranet;Ball Australian Dollar;4184;http://daron.com
7;Computer Oklahoma Identity;throughput;9548;http://vada.net
8;distributed Dynamic auxiliary;Human New Mexico Implementation;12092;http://kassandra.com
9;intangible homogeneous;Crossroad invoice;17814;https://carlee.biz
10;Shoes;Center Intelligent tangible;71810;https://alysha.biz
